chain,resid,resname,max_contact_freq
receptor,24,ILE,0.0000
receptor,25,ILE,0.0000
receptor,26,GLY,0.0000
receptor,27,GLY,0.0000
receptor,28,HID,0.0000
receptor,29,GLU,0.0000
receptor,30,THR,0.0000
receptor,31,THR,0.0000
receptor,32,ILE,0.0000
receptor,33,ASP,0.0000
receptor,34,ASN,0.0000
receptor,35,TYR,0.0000
receptor,36,PRO,0.0000
receptor,37,GLU,0.0000
receptor,38,VAL,0.0000
receptor,39,ALA,0.0000
receptor,40,ALA,0.0000
receptor,41,LEU,0.0000
receptor,42,LEU,0.0000
receptor,43,PHE,0.9790
receptor,44,ALA,0.0426
receptor,45,ALA,0.1770
receptor,46,ASN,0.4861
receptor,47,LEU,0.3057
receptor,48,ILE,0.0000
receptor,49,ASP,0.0000
receptor,50,PHE,0.0000
receptor,51,ARG,0.3432
receptor,52,GLN,0.8330
receptor,53,SER,0.9736
receptor,54,CYX,0.0009
receptor,55,GLY,0.0000
receptor,56,GLY,0.0000
receptor,57,SER,0.0000
receptor,58,ILE,0.0000
receptor,59,LEU,0.0000
receptor,60,ASN,0.0000
receptor,61,GLN,0.0000
receptor,62,ARG,0.0000
receptor,63,SER,0.0000
receptor,64,ILE,0.0000
receptor,65,LEU,0.0000
receptor,66,THR,0.0000
receptor,67,ALA,0.0000
receptor,68,ALA,0.0001
receptor,69,HID,0.9450
receptor,70,CYX,0.2230
receptor,71,ALA,0.6191
receptor,72,LEU,0.0264
receptor,73,GLY,0.1331
receptor,74,LEU,0.0504
receptor,75,MET,0.6732
receptor,76,ASP,0.5491
receptor,77,ASN,0.4401
receptor,78,PRO,0.0241
receptor,79,LEU,0.8513
receptor,80,ALA,0.0041
receptor,81,TRP,0.6241
receptor,82,ARG,0.0000
receptor,83,ILE,0.0000
receptor,84,ARG,0.0000
receptor,85,ILE,0.0000
receptor,86,GLY,0.0000
receptor,87,SER,0.0000
receptor,88,SER,0.0000
receptor,89,TYR,0.0000
receptor,90,GLY,0.0000
receptor,91,SER,0.0000
receptor,92,SER,0.0000
receptor,93,GLY,0.0000
receptor,94,GLY,0.0000
receptor,95,VAL,0.0000
receptor,96,LEU,0.0000
receptor,97,HIE,0.0000
receptor,98,THR,0.0000
receptor,99,CYS,0.0000
receptor,100,GLU,0.0000
receptor,101,ARG,0.0000
receptor,102,ILE,0.0000
receptor,103,ILE,0.0000
receptor,104,HID,0.0000
receptor,105,HID,0.0000
receptor,106,PRO,0.0000
receptor,107,ASN,0.0000
receptor,108,TYR,0.0006
receptor,109,ASP,0.0036
receptor,110,VAL,0.7253
receptor,111,PHE,0.8734
receptor,112,THR,0.0106
receptor,113,LYS,0.0006
receptor,114,ASP,0.0000
receptor,115,SER,0.0000
receptor,116,ASP,0.0000
receptor,117,ILE,0.0000
receptor,118,ALA,0.0000
receptor,119,ILE,0.0000
receptor,120,MET,0.0000
receptor,121,ARG,0.0000
receptor,122,THR,0.0000
receptor,123,GLY,0.0000
receptor,124,SER,0.0000
receptor,125,PHE,0.0000
receptor,126,MET,0.0000
receptor,127,VAL,0.0000
receptor,128,TYR,0.0000
receptor,129,SER,0.0000
receptor,130,ASP,0.0000
receptor,131,VAL,0.0000
receptor,132,VAL,0.0000
receptor,133,GLN,0.0000
receptor,134,PRO,0.0000
receptor,135,ALA,0.0000
receptor,136,ARG,0.0000
receptor,137,ILE,0.0000
receptor,138,ALA,0.0000
receptor,139,GLY,0.0000
receptor,140,THR,0.0000
receptor,141,ASN,0.0000
receptor,142,TYR,0.0000
receptor,143,ASN,0.0000
receptor,144,LEU,0.0000
receptor,145,ALA,0.0000
receptor,146,ASP,0.0000
receptor,147,ASN,0.0000
receptor,148,GLN,0.0000
receptor,149,VAL,0.0000
receptor,150,VAL,0.0000
receptor,151,TRP,0.0000
receptor,152,ALA,0.0000
receptor,153,VAL,0.0000
receptor,154,GLY,0.0000
receptor,155,TRP,0.0000
receptor,156,GLY,0.0000
receptor,157,VAL,0.0000
receptor,158,ILE,0.0000
receptor,159,GLU,0.0000
receptor,160,GLN,0.0024
receptor,161,VAL,0.2590
receptor,162,THR,0.4465
receptor,163,TRP,0.9357
receptor,164,THR,0.0000
receptor,165,LEU,0.0016
receptor,166,PRO,0.0000
receptor,167,GLU,0.0000
receptor,168,GLN,0.0000
receptor,169,LEU,0.0000
receptor,170,HID,0.0000
receptor,171,HIE,0.0000
receptor,172,VAL,0.0000
receptor,173,GLN,0.0000
receptor,174,VAL,0.0000
receptor,175,TRP,0.0000
receptor,176,THR,0.0000
receptor,177,VAL,0.0000
receptor,178,ASN,0.0000
receptor,179,GLN,0.0000
receptor,180,GLU,0.0000
receptor,181,LEU,0.0000
receptor,182,CYX,0.0000
receptor,183,ASN,0.0000
receptor,184,GLU,0.0106
receptor,185,ARG,0.0143
receptor,186,TYR,0.2558
receptor,187,GLY,0.9594
receptor,188,GLY,0.6736
receptor,189,ARG,0.4826
receptor,190,GLU,0.6836
receptor,191,ILE,0.0000
receptor,192,THR,0.0000
receptor,193,ASP,0.0000
receptor,194,ASN,0.0000
receptor,195,MET,0.0000
receptor,196,LEU,0.0000
receptor,197,CYX,0.0000
receptor,198,ILE,0.0000
receptor,199,GLY,0.0000
receptor,200,TRP,0.0000
receptor,201,LEU,0.0000
receptor,202,ASP,0.0000
receptor,203,VAL,0.0000
receptor,204,ASP,0.0000
receptor,205,GLY,0.0000
receptor,206,ARG,0.0000
receptor,207,GLY,0.0000
receptor,208,THR,0.0000
receptor,209,CYX,0.0000
receptor,210,ARG,0.8974
receptor,211,GLY,0.3621
receptor,212,ASP,0.0000
receptor,213,SER,0.0026
receptor,214,GLY,0.0000
receptor,215,SER,0.0000
receptor,216,PRO,0.0000
receptor,217,VAL,0.0000
receptor,218,PHE,0.0000
receptor,219,HID,0.0000
receptor,220,ASN,0.0000
receptor,221,GLY,0.0000
receptor,222,VAL,0.0000
receptor,223,VAL,0.0000
receptor,224,VAL,0.0000
receptor,225,GLY,0.0000
receptor,226,LEU,0.0000
receptor,227,VAL,0.0000
receptor,228,SER,0.0000
receptor,229,PHE,0.0049
receptor,230,GLY,0.0034
receptor,231,ARG,0.3911
receptor,232,SER,0.9977
receptor,233,PRO,0.9589
receptor,234,CYX,0.0000
receptor,235,ALA,0.0000
receptor,236,GLN,0.0190
receptor,237,GLY,0.0000
receptor,238,GLU,0.0000
receptor,239,HID,0.0001
receptor,240,PRO,0.0000
receptor,241,ALA,0.0000
receptor,242,VAL,0.0000
receptor,243,ASN,0.0000
receptor,244,VAL,0.0000
receptor,245,ARG,0.0000
receptor,246,VAL,0.0000
receptor,247,SER,0.0000
receptor,248,ARG,0.0000
receptor,249,PHE,0.0000
receptor,250,ILE,0.0000
receptor,251,SER,0.0000
receptor,252,TRP,0.0000
receptor,253,ILE,0.0000
receptor,254,GLN,0.0000
receptor,255,GLU,0.0000
receptor,256,ASN,0.0000
receptor,257,ALA,0.0000
ligand,258,VAL,0.9594
ligand,259,LEU,0.8166
ligand,260,ARG,0.6836
ligand,261,GLY,0.0000
ligand,262,GLY,0.0000
ligand,263,SER,0.0000
ligand,264,GLY,0.0000
ligand,265,GLY,0.0106
ligand,266,SER,0.3392
ligand,267,GLY,0.3587
ligand,268,GLY,0.2558
ligand,269,SER,0.1538
ligand,270,VAL,0.0000
ligand,271,LEU,0.2185
ligand,272,LYS,0.0000
ligand,273,GLY,0.0000
ligand,274,GLY,0.0000
ligand,275,SER,0.0000
ligand,276,GLY,0.0000
ligand,277,GLY,0.0000
ligand,278,SER,0.0254
ligand,279,GLY,0.9530
ligand,280,GLY,0.0843
ligand,281,SER,0.1441
ligand,282,VAL,0.0000
ligand,283,LEU,0.8734
ligand,284,ARG,0.3977
ligand,285,GLY,0.0000
ligand,286,GLY,0.0000
ligand,287,SER,0.0000
ligand,288,GLY,0.0000
ligand,289,GLY,0.0000
ligand,290,SER,0.0000
ligand,291,GLY,0.9977
ligand,292,GLY,0.7892
ligand,293,SER,0.8126
ligand,294,VAL,0.0000
ligand,295,LEU,0.7379
ligand,296,LYS,0.1218
ligand,297,GLY,0.0000
ligand,298,GLY,0.0000
ligand,299,SER,0.0000
ligand,300,GLY,0.0000
ligand,301,GLY,0.0000
ligand,302,SER,0.0000
ligand,303,GLY,0.2115
ligand,304,GLY,0.0214
ligand,305,SER,0.3735
ligand,306,VAL,0.0000
ligand,307,LEU,0.0101
ligand,308,ARG,0.6732
ligand,309,GLY,0.0900
ligand,310,GLY,0.0019
ligand,311,SER,0.0000
ligand,312,GLY,0.0000
ligand,313,GLY,0.0000
ligand,314,SER,0.0007
ligand,315,GLY,0.4465
ligand,316,GLY,0.2065
ligand,317,SER,0.9084
ligand,318,VAL,0.4485
ligand,319,LEU,0.7959
ligand,320,LYS,0.9450
ligand,321,GLY,0.3265
ligand,322,GLY,0.0177
ligand,323,SER,0.0000
ligand,324,GLY,0.0001
ligand,325,GLY,0.0698
ligand,326,SER,0.4452
ligand,327,GLY,0.4861
ligand,328,GLY,0.2485
ligand,329,SER,0.9357
ligand,330,VAL,0.8457
ligand,331,LEU,0.8330
ligand,332,ARG,0.9790
