chain,resid,resname,max_contact_freq,features
receptor,232,SER,0.9977,"hbond_acceptor;hbond_donor"
ligand,291,GLY,0.9977,"none"
receptor,43,PHE,0.9790,"aromatic;hydrophobic"
ligand,332,ARG,0.9790,"hbond_donor;positive_ionizable"
receptor,53,SER,0.9736,"hbond_acceptor;hbond_donor"
receptor,187,GLY,0.9594,"none"
ligand,258,VAL,0.9594,"hydrophobic"
receptor,233,PRO,0.9589,"hydrophobic"
ligand,279,GLY,0.9530,"none"
receptor,69,HID,0.9450,"aromatic;hbond_acceptor;hbond_donor;positive_ionizable"
ligand,320,LYS,0.9450,"hbond_donor;positive_ionizable"
receptor,163,TRP,0.9357,"aromatic;hbond_donor;hydrophobic"
ligand,329,SER,0.9357,"hbond_acceptor;hbond_donor"
ligand,317,SER,0.9084,"hbond_acceptor;hbond_donor"
receptor,210,ARG,0.8974,"hbond_donor;positive_ionizable"
receptor,111,PHE,0.8734,"aromatic;hydrophobic"
ligand,283,LEU,0.8734,"hydrophobic"
receptor,79,LEU,0.8513,"hydrophobic"
ligand,330,VAL,0.8457,"hydrophobic"
receptor,52,GLN,0.8330,"hbond_acceptor;hbond_donor"
ligand,331,LEU,0.8330,"hydrophobic"
ligand,259,LEU,0.8166,"hydrophobic"
ligand,293,SER,0.8126,"hbond_acceptor;hbond_donor"
ligand,319,LEU,0.7959,"hydrophobic"
ligand,292,GLY,0.7892,"none"
ligand,295,LEU,0.7379,"hydrophobic"
receptor,110,VAL,0.7253,"hydrophobic"
receptor,190,GLU,0.6836,"hbond_acceptor;negative_ionizable"
ligand,260,ARG,0.6836,"hbond_donor;positive_ionizable"
receptor,188,GLY,0.6736,"none"
receptor,75,MET,0.6732,"hydrophobic"
ligand,308,ARG,0.6732,"hbond_donor;positive_ionizable"
receptor,81,TRP,0.6241,"aromatic;hbond_donor;hydrophobic"
receptor,71,ALA,0.6191,"hydrophobic"
receptor,76,ASP,0.5491,"hbond_acceptor;negative_ionizable"
receptor,46,ASN,0.4861,"hbond_acceptor;hbond_donor"
ligand,327,GLY,0.4861,"none"
receptor,189,ARG,0.4826,"hbond_donor;positive_ionizable"
ligand,318,VAL,0.4485,"hydrophobic"
receptor,162,THR,0.4465,"hbond_acceptor;hbond_donor"
ligand,315,GLY,0.4465,"none"
ligand,326,SER,0.4452,"hbond_acceptor;hbond_donor"
receptor,77,ASN,0.4401,"hbond_acceptor;hbond_donor"
ligand,284,ARG,0.3977,"hbond_donor;positive_ionizable"
receptor,231,ARG,0.3911,"hbond_donor;positive_ionizable"
ligand,305,SER,0.3735,"hbond_acceptor;hbond_donor"
receptor,211,GLY,0.3621,"none"
ligand,267,GLY,0.3587,"none"
receptor,51,ARG,0.3432,"hbond_donor;positive_ionizable"
ligand,266,SER,0.3392,"hbond_acceptor;hbond_donor"
ligand,321,GLY,0.3265,"none"
receptor,47,LEU,0.3057,"hydrophobic"
receptor,161,VAL,0.2590,"hydrophobic"
receptor,186,TYR,0.2558,"aromatic;hbond_acceptor;hbond_donor;hydrophobic"
ligand,268,GLY,0.2558,"none"
ligand,328,GLY,0.2485,"none"
receptor,70,CYX,0.2230,"hydrophobic"
ligand,271,LEU,0.2185,"hydrophobic"
ligand,303,GLY,0.2115,"none"
ligand,316,GLY,0.2065,"none"
